Vehicle Type,Dataset Daily Rides,Drivers Estimated,Rides per Driver per Day
UberXL,573.5483870967741,11428,8
Uber Go,564.741935483871,11428,14
Go Sedan,572.6451612903226,11428,11
Non-AC Taxi,571.258064516129,11428,10
