Vehicle Type,Revenue,Commission,Fuel Cost,Maintenance,Incentive,Total Cost,Net Profit,Profit Margin %,Profit per Ride
UberXL,18141481.86,4535370.465,2485695.2399999998,828565.08,1814148.186,9663778.971,8477702.888999999,46.73,476.81
Uber Go,18018540.17,4504635.0425,1753975.145,539684.66,1801854.0170000002,8600148.864500001,9418391.3055,52.27,537.98
Go Sedan,18105752.74,4526438.185,2060317.1999999997,686772.3999999999,1810575.274,9084103.059,9021649.680999998,49.83,508.2
Non-AC Taxi,18103863.85,3620772.7700000005,1654232.7000000002,689263.625,1448309.1080000002,7412578.203000001,10691285.647,59.06,603.72
